{"stats":{"minecraft:custom":{"minecraft:jump":145,"minecraft:time_since_rest":999,"minecraft:deaths":1,"minecraft:damage_dealt":9,"minecraft:play_time":20692,"minecraft:leave_game":10,"minecraft:sprint_one_cm":21593,"minecraft:damage_taken":150,"minecraft:time_since_death":976,"minecraft:walk_one_cm":19238,"minecraft:total_world_time":20692,"minecraft:drop":10,"minecraft:fly_one_cm":24800,"minecraft:fall_one_cm":1579},"minecraft:used":{"minecraft:dirt":15},"minecraft:mined":{"minecraft:short_grass":105,"minecraft:grass_block":8,"minecraft:dirt":7,"minecraft:fern":30},"minecraft:picked_up":{"minecraft:wheat_seeds":16,"minecraft:dirt":15},"minecraft:dropped":{"minecraft:wheat_seeds":10}},"DataVersion":4189}